timestamp,size_bytes,seq,send_ms,channel,dest

2026-02-16T15:41:43,40,1,1771252902817,0,
2026-02-16T15:41:45,40,2,1771252904821,0,
2026-02-16T15:41:47,40,3,1771252906824,0,
2026-02-16T15:41:49,40,4,1771252908826,0,
2026-02-16T15:41:51,40,5,1771252910829,0,
2026-02-16T15:41:53,40,6,1771252912832,0,
2026-02-16T15:41:55,40,7,1771252914835,0,
2026-02-16T15:41:57,40,8,1771252916838,0,
2026-02-16T15:41:59,40,9,1771252918841,0,
2026-02-16T15:42:01,40,10,1771252920843,0,
2026-02-16T15:42:03,45,11,1771252922848,0,
2026-02-16T15:42:05,45,12,1771252924852,0,
2026-02-16T15:42:07,45,13,1771252926855,0,
2026-02-16T15:42:09,45,14,1771252928858,0,
2026-02-16T15:42:11,45,15,1771252930860,0,
2026-02-16T15:42:13,45,16,1771252932863,0,
2026-02-16T15:42:15,45,17,1771252934865,0,
2026-02-16T15:42:17,45,18,1771252936867,0,
2026-02-16T15:42:19,45,19,1771252938870,0,
2026-02-16T15:42:21,45,20,1771252940873,0,
2026-02-16T15:42:23,50,21,1771252942876,0,
2026-02-16T15:42:25,50,22,1771252944879,0,
2026-02-16T15:42:27,50,23,1771252946881,0,
2026-02-16T15:42:29,50,24,1771252948885,0,
2026-02-16T15:42:31,50,25,1771252950887,0,
2026-02-16T15:42:33,50,26,1771252952891,0,
2026-02-16T15:42:35,50,27,1771252954893,0,
2026-02-16T15:42:37,50,28,1771252956895,0,
2026-02-16T15:42:39,50,29,1771252958897,0,
2026-02-16T15:42:41,50,30,1771252960900,0,
2026-02-16T15:42:43,55,31,1771252962903,0,
2026-02-16T15:42:45,55,32,1771252964906,0,
2026-02-16T15:42:47,55,33,1771252966909,0,
2026-02-16T15:42:49,55,34,1771252968911,0,
2026-02-16T15:42:51,55,35,1771252970921,0,
2026-02-16T15:42:53,55,36,1771252972923,0,
2026-02-16T15:42:55,55,37,1771252974925,0,
2026-02-16T15:42:57,55,38,1771252976928,0,
2026-02-16T15:42:59,55,39,1771252978930,0,
2026-02-16T15:43:01,55,40,1771252980932,0,
2026-02-16T15:43:03,60,41,1771252982935,0,
2026-02-16T15:43:05,60,42,1771252984939,0,
2026-02-16T15:43:07,60,43,1771252986942,0,
2026-02-16T15:43:09,60,44,1771252988944,0,
2026-02-16T15:43:11,60,45,1771252990946,0,
2026-02-16T15:43:13,60,46,1771252992949,0,
2026-02-16T15:43:15,60,47,1771252994952,0,
2026-02-16T15:43:17,60,48,1771252996954,0,
2026-02-16T15:43:19,60,49,1771252998957,0,
2026-02-16T15:43:21,60,50,1771253000959,0,
2026-02-16T15:43:23,65,51,1771253002961,0,
2026-02-16T15:43:25,65,52,1771253004964,0,
2026-02-16T15:43:27,65,53,1771253006966,0,
2026-02-16T15:43:29,65,54,1771253008969,0,
2026-02-16T15:43:31,65,55,1771253010972,0,
2026-02-16T15:43:33,65,56,1771253012974,0,
2026-02-16T15:43:35,65,57,1771253014977,0,
2026-02-16T15:43:37,65,58,1771253016979,0,
2026-02-16T15:43:39,65,59,1771253018981,0,
2026-02-16T15:43:41,65,60,1771253020984,0,
2026-02-16T15:43:43,70,61,1771253022987,0,
2026-02-16T15:43:45,70,62,1771253024989,0,
2026-02-16T15:43:47,70,63,1771253026992,0,
2026-02-16T15:43:49,70,64,1771253028994,0,
2026-02-16T15:43:51,70,65,1771253030996,0,
2026-02-16T15:43:53,70,66,1771253032998,0,
2026-02-16T15:43:56,70,67,1771253035001,0,
2026-02-16T15:43:58,70,68,1771253037004,0,
2026-02-16T15:44:00,70,69,1771253039007,0,
2026-02-16T15:44:02,70,70,1771253041010,0,
2026-02-16T15:44:04,75,71,1771253043013,0,
2026-02-16T15:44:06,75,72,1771253045016,0,
2026-02-16T15:44:08,75,73,1771253047019,0,
2026-02-16T15:44:10,75,74,1771253049022,0,
2026-02-16T15:44:12,75,75,1771253051024,0,
2026-02-16T15:44:14,75,76,1771253053027,0,
2026-02-16T15:44:16,75,77,1771253055029,0,
2026-02-16T15:44:18,75,78,1771253057031,0,
2026-02-16T15:44:20,75,79,1771253059033,0,
2026-02-16T15:44:22,75,80,1771253061036,0,
2026-02-16T15:44:24,80,81,1771253063038,0,
2026-02-16T15:44:26,80,82,1771253065041,0,
2026-02-16T15:44:28,80,83,1771253067044,0,
2026-02-16T15:44:30,80,84,1771253069046,0,
2026-02-16T15:44:32,80,85,1771253071048,0,
2026-02-16T15:44:34,80,86,1771253073051,0,
2026-02-16T15:44:36,80,87,1771253075054,0,
2026-02-16T15:44:38,80,88,1771253077056,0,
2026-02-16T15:44:40,80,89,1771253079059,0,
2026-02-16T15:44:42,80,90,1771253081061,0,
2026-02-16T15:44:44,85,91,1771253083064,0,
2026-02-16T15:44:46,85,92,1771253085066,0,
2026-02-16T15:44:48,85,93,1771253087070,0,
2026-02-16T15:44:50,85,94,1771253089072,0,
2026-02-16T15:44:52,85,95,1771253091075,0,
2026-02-16T15:44:54,85,96,1771253093077,0,
2026-02-16T15:44:56,85,97,1771253095080,0,
2026-02-16T15:44:58,85,98,1771253097082,0,
2026-02-16T15:45:00,85,99,1771253099085,0,
2026-02-16T15:45:02,85,100,1771253101087,0,
2026-02-16T15:45:04,90,101,1771253103100,0,
2026-02-16T15:45:06,90,102,1771253105102,0,
2026-02-16T15:45:08,90,103,1771253107104,0,
2026-02-16T15:45:10,90,104,1771253109107,0,
2026-02-16T15:45:12,90,105,1771253111110,0,
2026-02-16T15:45:14,90,106,1771253113113,0,
2026-02-16T15:45:16,90,107,1771253115116,0,
2026-02-16T15:45:18,90,108,1771253117118,0,
2026-02-16T15:45:20,90,109,1771253119121,0,
2026-02-16T15:45:22,90,110,1771253121123,0,
2026-02-16T15:45:24,95,111,1771253123126,0,
2026-02-16T15:45:26,95,112,1771253125129,0,
2026-02-16T15:45:28,95,113,1771253127131,0,
2026-02-16T15:45:30,95,114,1771253129134,0,
2026-02-16T15:45:32,95,115,1771253131137,0,
2026-02-16T15:45:34,95,116,1771253133139,0,
2026-02-16T15:45:36,95,117,1771253135142,0,
2026-02-16T15:45:38,95,118,1771253137144,0,
2026-02-16T15:45:40,95,119,1771253139147,0,
2026-02-16T15:45:42,95,120,1771253141150,0,
2026-02-16T15:45:44,100,121,1771253143152,0,
2026-02-16T15:45:46,100,122,1771253145155,0,
2026-02-16T15:45:48,100,123,1771253147158,0,
2026-02-16T15:45:50,100,124,1771253149160,0,
2026-02-16T15:45:52,100,125,1771253151163,0,
2026-02-16T15:45:54,100,126,1771253153165,0,
2026-02-16T15:45:56,100,127,1771253155168,0,
2026-02-16T15:45:58,100,128,1771253157171,0,
2026-02-16T15:46:00,100,129,1771253159173,0,
2026-02-16T15:46:02,100,130,1771253161176,0,
2026-02-16T15:46:04,105,131,1771253163179,0,
2026-02-16T15:46:06,105,132,1771253165181,0,
2026-02-16T15:46:08,105,133,1771253167184,0,
2026-02-16T15:46:10,105,134,1771253169187,0,
2026-02-16T15:46:12,105,135,1771253171190,0,
2026-02-16T15:46:14,105,136,1771253173192,0,
2026-02-16T15:46:16,105,137,1771253175194,0,
2026-02-16T15:46:18,105,138,1771253177198,0,
2026-02-16T15:46:20,105,139,1771253179201,0,
2026-02-16T15:46:22,105,140,1771253181203,0,
2026-02-16T15:46:24,110,141,1771253183206,0,
2026-02-16T15:46:26,110,142,1771253185209,0,
2026-02-16T15:46:28,110,143,1771253187211,0,
2026-02-16T15:46:30,110,144,1771253189213,0,
2026-02-16T15:46:32,110,145,1771253191216,0,
2026-02-16T15:46:34,110,146,1771253193219,0,
2026-02-16T15:46:36,110,147,1771253195222,0,
2026-02-16T15:46:38,110,148,1771253197224,0,
2026-02-16T15:46:40,110,149,1771253199227,0,
2026-02-16T15:46:42,110,150,1771253201230,0,
2026-02-16T15:46:44,115,151,1771253203232,0,
2026-02-16T15:46:46,115,152,1771253205234,0,
2026-02-16T15:46:48,115,153,1771253207237,0,
2026-02-16T15:46:50,115,154,1771253209240,0,
2026-02-16T15:46:52,115,155,1771253211242,0,
2026-02-16T15:46:54,115,156,1771253213245,0,
2026-02-16T15:46:56,115,157,1771253215246,0,
2026-02-16T15:46:58,115,158,1771253217250,0,
2026-02-16T15:47:00,115,159,1771253219252,0,
2026-02-16T15:47:02,115,160,1771253221254,0,
2026-02-16T15:47:04,120,161,1771253223257,0,
2026-02-16T15:47:06,120,162,1771253225260,0,
2026-02-16T15:47:08,120,163,1771253227263,0,
2026-02-16T15:47:10,120,164,1771253229267,0,
2026-02-16T15:47:12,120,165,1771253231269,0,
2026-02-16T15:47:14,120,166,1771253233271,0,
2026-02-16T15:47:16,120,167,1771253235274,0,
2026-02-16T15:47:18,120,168,1771253237276,0,
2026-02-16T15:47:20,120,169,1771253239278,0,
2026-02-16T15:47:22,120,170,1771253241281,0,
2026-02-16T15:47:24,125,171,1771253243283,0,
2026-02-16T15:47:26,125,172,1771253245285,0,
2026-02-16T15:47:28,125,173,1771253247289,0,
2026-02-16T15:47:30,125,174,1771253249291,0,
2026-02-16T15:47:32,125,175,1771253251294,0,
2026-02-16T15:47:34,125,176,1771253253296,0,
2026-02-16T15:47:36,125,177,1771253255299,0,
2026-02-16T15:47:38,125,178,1771253257301,0,
2026-02-16T15:47:40,125,179,1771253259304,0,
2026-02-16T15:47:42,125,180,1771253261307,0,
2026-02-16T15:47:44,130,181,1771253263309,0,
2026-02-16T15:47:46,130,182,1771253265312,0,
2026-02-16T15:47:48,130,183,1771253267314,0,
2026-02-16T15:47:50,130,184,1771253269317,0,
2026-02-16T15:47:52,130,185,1771253271319,0,
2026-02-16T15:47:54,130,186,1771253273322,0,
2026-02-16T15:47:56,130,187,1771253275324,0,
2026-02-16T15:47:58,130,188,1771253277327,0,
2026-02-16T15:48:00,130,189,1771253279329,0,
2026-02-16T15:48:02,130,190,1771253281332,0,
2026-02-16T15:48:04,135,191,1771253283335,0,
2026-02-16T15:48:06,135,192,1771253285338,0,
2026-02-16T15:48:08,135,193,1771253287340,0,
2026-02-16T15:48:10,135,194,1771253289342,0,
2026-02-16T15:48:12,135,195,1771253291345,0,
2026-02-16T15:48:14,135,196,1771253293347,0,
2026-02-16T15:48:16,135,197,1771253295350,0,
2026-02-16T15:48:18,135,198,1771253297352,0,
2026-02-16T15:48:20,135,199,1771253299355,0,
2026-02-16T15:48:22,135,200,1771253301358,0,
2026-02-16T15:48:24,140,201,1771253303359,0,
2026-02-16T15:48:26,140,202,1771253305362,0,
2026-02-16T15:48:28,140,203,1771253307364,0,
2026-02-16T15:48:30,140,204,1771253309367,0,
2026-02-16T15:48:32,140,205,1771253311369,0,
2026-02-16T15:48:34,140,206,1771253313371,0,
2026-02-16T15:48:36,140,207,1771253315374,0,
2026-02-16T15:48:38,140,208,1771253317377,0,
2026-02-16T15:48:40,140,209,1771253319380,0,
2026-02-16T15:48:42,140,210,1771253321383,0,
2026-02-16T15:48:44,145,211,1771253323386,0,
2026-02-16T15:48:46,145,212,1771253325389,0,
2026-02-16T15:48:48,145,213,1771253327392,0,
2026-02-16T15:48:50,145,214,1771253329394,0,
2026-02-16T15:48:52,145,215,1771253331398,0,
2026-02-16T15:48:54,145,216,1771253333400,0,
2026-02-16T15:48:56,145,217,1771253335402,0,
2026-02-16T15:48:58,145,218,1771253337404,0,
2026-02-16T15:49:00,145,219,1771253339407,0,
2026-02-16T15:49:02,145,220,1771253341409,0,
2026-02-16T15:49:04,150,221,1771253343412,0,
2026-02-16T15:49:06,150,222,1771253345415,0,
2026-02-16T15:49:08,150,223,1771253347418,0,
2026-02-16T15:49:10,150,224,1771253349420,0,
2026-02-16T15:49:12,150,225,1771253351423,0,
2026-02-16T15:49:14,150,226,1771253353426,0,
2026-02-16T15:49:16,150,227,1771253355429,0,
2026-02-16T15:49:18,150,228,1771253357432,0,
2026-02-16T15:49:20,150,229,1771253359434,0,
2026-02-16T15:49:22,150,230,1771253361437,0,
2026-02-16T15:49:25,155,231,1771253363439,0,
2026-02-16T15:49:27,155,232,1771253366443,0,
2026-02-16T15:49:29,155,233,1771253368946,0,
2026-02-16T15:49:31,155,234,1771253370948,0,
2026-02-16T15:49:33,155,235,1771253372951,0,
2026-02-16T15:49:35,155,236,1771253374953,0,
2026-02-16T15:49:37,155,237,1771253376956,0,
2026-02-16T15:49:39,155,238,1771253378959,0,
2026-02-16T15:49:41,155,239,1771253380962,0,
2026-02-16T15:49:47,155,240,1771253382964,0,
2026-02-16T15:49:49,160,241,1771253388968,0,
2026-02-16T15:49:51,160,242,1771253390971,0,
2026-02-16T15:49:53,160,243,1771253392973,0,
2026-02-16T15:49:57,160,244,1771253394976,0,
2026-02-16T15:49:59,160,245,1771253398480,0,
2026-02-16T15:50:01,160,246,1771253400483,0,
2026-02-16T15:50:03,160,247,1771253402485,0,
2026-02-16T15:50:07,160,248,1771253404487,0,
2026-02-16T15:50:10,160,249,1771253408491,0,
2026-02-16T15:50:12,160,250,1771253411495,0,
2026-02-16T15:50:14,165,251,1771253413498,0,
2026-02-16T15:50:17,165,252,1771253415501,0,
2026-02-16T15:50:20,165,253,1771253418504,0,
2026-02-16T15:50:24,165,254,1771253421006,0,
2026-02-16T15:50:26,165,255,1771253425010,0,
2026-02-16T15:50:28,165,256,1771253427013,0,
2026-02-16T15:50:30,165,257,1771253429015,0,
2026-02-16T15:50:32,165,258,1771253431018,0,
2026-02-16T15:50:34,165,259,1771253433021,0,
2026-02-16T15:50:36,165,260,1771253435023,0,
2026-02-16T15:50:38,170,261,1771253437026,0,
2026-02-16T15:50:40,170,262,1771253439029,0,
2026-02-16T15:50:42,170,263,1771253441031,0,
2026-02-16T15:50:44,170,264,1771253443033,0,
2026-02-16T15:50:49,170,265,1771253445036,0,
2026-02-16T15:50:54,170,266,1771253450041,0,
2026-02-16T15:50:57,170,267,1771253455546,0,
2026-02-16T15:50:59,170,268,1771253458049,0,
2026-02-16T15:51:01,170,269,1771253460052,0,
2026-02-16T15:51:03,170,270,1771253462055,0,
2026-02-16T15:51:05,175,271,1771253464057,0,
2026-02-16T15:51:07,175,272,1771253466060,0,
2026-02-16T15:51:09,175,273,1771253468063,0,
2026-02-16T15:51:11,175,274,1771253470066,0,
2026-02-16T15:51:18,175,275,1771253472068,0,
2026-02-16T15:51:22,175,276,1771253479074,0,
2026-02-16T15:51:26,175,277,1771253483578,0,
2026-02-16T15:51:29,175,278,1771253487582,0,
2026-02-16T15:51:31,175,279,1771253490085,0,
2026-02-16T15:51:33,175,280,1771253492087,0,
2026-02-16T15:51:38,180,281,1771253494090,0,
2026-02-16T15:51:45,180,282,1771253499595,0,
2026-02-16T15:51:47,180,283,1771253506100,0,
2026-02-16T15:51:49,180,284,1771253508603,0,
2026-02-16T15:51:51,180,285,1771253510605,0,
2026-02-16T15:52:00,180,286,1771253512607,0,
2026-02-16T15:52:04,180,287,1771253521114,0,
2026-02-16T15:52:06,180,288,1771253525619,0,
2026-02-16T15:52:08,180,289,1771253527622,0,
2026-02-16T15:52:10,180,290,1771253529623,0,
2026-02-16T15:52:12,185,291,1771253531625,0,
2026-02-16T15:52:14,185,292,1771253533628,0,
2026-02-16T15:52:16,185,293,1771253535630,0,
2026-02-16T15:52:18,185,294,1771253537633,0,
2026-02-16T15:52:20,185,295,1771253539636,0,
2026-02-16T15:52:22,185,296,1771253541638,0,
2026-02-16T15:52:24,185,297,1771253543640,0,
2026-02-16T15:52:26,185,298,1771253545643,0,
2026-02-16T15:52:28,185,299,1771253547645,0,
2026-02-16T15:52:30,185,300,1771253549647,0,
2026-02-16T15:52:38,190,301,1771253551650,0,
2026-02-16T15:52:44,190,302,1771253559158,0,
2026-02-16T15:52:46,190,303,1771253565164,0,
2026-02-16T15:52:48,190,304,1771253567166,0,
2026-02-16T15:52:52,190,305,1771253569168,0,
2026-02-16T15:52:55,190,306,1771253573671,0,
2026-02-16T15:52:59,190,307,1771253576174,0,
2026-02-16T15:53:04,190,308,1771253580177,0,
2026-02-16T15:53:06,190,309,1771253585682,0,
2026-02-16T15:53:08,190,310,1771253587685,0,
2026-02-16T15:53:10,195,311,1771253589689,0,
2026-02-16T15:53:17,195,312,1771253591692,0,
2026-02-16T15:53:19,195,313,1771253598697,0,
2026-02-16T15:53:26,195,314,1771253600700,0,
2026-02-16T15:53:29,195,315,1771253607707,0,
2026-02-16T15:53:31,195,316,1771253610209,0,
2026-02-16T15:53:34,195,317,1771253612712,0,
2026-02-16T15:53:37,195,318,1771253615716,0,
2026-02-16T15:53:39,195,319,1771253618218,0,
2026-02-16T15:53:41,195,320,1771253620721,0,
2026-02-16T15:53:43,200,321,1771253622724,0,
2026-02-16T15:53:49,200,322,1771253624727,0,
2026-02-16T15:53:51,200,323,1771253630734,0,
2026-02-16T15:53:53,200,324,1771253632736,0,
2026-02-16T15:53:59,200,325,1771253634738,0,
2026-02-16T15:54:02,200,326,1771253640744,0,
2026-02-16T15:54:06,200,327,1771253643247,0,
2026-02-16T15:54:08,200,328,1771253647751,0,
2026-02-16T15:54:10,200,329,1771253649753,0,
2026-02-16T15:54:12,200,330,1771253651756,0,
2026-02-16T15:54:14,205,331,1771253653758,0,
2026-02-16T15:54:17,205,332,1771253655762,0,
2026-02-16T15:54:19,205,333,1771253658265,0,
2026-02-16T15:54:21,205,334,1771253660768,0,
2026-02-16T15:54:23,205,335,1771253662770,0,
2026-02-16T15:54:25,205,336,1771253664773,0,
2026-02-16T15:54:29,205,337,1771253666776,0,
2026-02-16T15:54:47,205,338,1771253670780,0,
2026-02-16T15:54:49,205,339,1771253688795,0,
2026-02-16T15:54:51,205,340,1771253690797,0,
2026-02-16T15:54:55,210,341,1771253692800,0,
2026-02-16T15:54:58,210,342,1771253696805,0,
2026-02-16T15:55:00,210,343,1771253699309,0,
2026-02-16T15:55:02,210,344,1771253701311,0,
2026-02-16T15:55:04,210,345,1771253703314,0,
2026-02-16T15:55:15,210,346,1771253705316,0,
2026-02-16T15:55:18,210,347,1771253716826,0,
2026-02-16T15:55:20,210,348,1771253719329,0,
2026-02-16T15:55:23,210,349,1771253721833,0,
2026-02-16T15:55:28,210,350,1771253724837,0,
2026-02-16T15:55:30,215,351,1771253729342,0,
2026-02-16T15:55:33,215,352,1771253731844,0,
2026-02-16T15:55:40,215,353,1771253734347,0,
2026-02-16T15:55:45,215,354,1771253741854,0,
2026-02-16T15:55:48,215,355,1771253746857,0,
2026-02-16T15:55:51,215,356,1771253749860,0,
2026-02-16T15:55:54,215,357,1771253752363,0,
2026-02-16T15:55:56,215,358,1771253755368,0,
2026-02-16T15:55:58,215,359,1771253757371,0,
2026-02-16T15:56:00,215,360,1771253759373,0,
2026-02-16T15:56:02,220,361,1771253761376,0,
2026-02-16T15:56:07,220,362,1771253763379,0,
2026-02-16T15:56:11,220,363,1771253768884,0,
2026-02-16T15:56:14,220,364,1771253772388,0,
2026-02-16T15:56:17,220,365,1771253775892,0,
2026-02-16T15:56:22,220,366,1771253778396,0,
2026-02-16T15:56:25,220,367,1771253783403,0,
2026-02-16T15:56:28,220,368,1771253786406,0,
2026-02-16T15:56:30,220,369,1771253789409,0,
2026-02-16T15:56:34,220,370,1771253791911,0,
2026-02-16T15:56:36,225,371,1771253795914,0,
2026-02-16T15:56:38,225,372,1771253797917,0,
2026-02-16T15:56:44,225,373,1771253799920,0,
2026-02-16T15:56:46,225,374,1771253805426,0,
2026-02-16T15:56:48,225,375,1771253807428,0,
2026-02-16T15:56:50,225,376,1771253809430,0,
2026-02-16T15:56:55,225,377,1771253811433,0,
2026-02-16T15:56:58,225,378,1771253816938,0,
2026-02-16T15:57:04,225,379,1771253819442,0,
2026-02-16T15:57:06,225,380,1771253825949,0,
2026-02-16T15:57:08,230,381,1771253827951,0,
2026-02-16T15:57:10,230,382,1771253829954,0,
2026-02-16T15:57:20,230,383,1771253831956,0,
2026-02-16T15:57:22,230,384,1771253841467,0,
2026-02-16T15:57:24,230,385,1771253843469,0,
2026-02-16T15:57:26,230,386,1771253845472,0,
2026-02-16T15:57:28,230,387,1771253847474,0,
2026-02-16T15:57:31,230,388,1771253849477,0,
2026-02-16T15:57:33,230,389,1771253852480,0,
2026-02-16T15:57:36,230,390,1771253854983,0,
